student_id,name,age,gender,email,phone_num,city,course_batch,enrollment_year,graduation_year
1,Pushti Sachar,20,Female,dugarchristopher@example.org,2062459054,Raipur,AIML,2024,2025
2,Krishna Ramachandran,24,Female,zilmil27@example.net,6243945944,Nagaon,AIML,2024,2025
3,Vincent Samra,25,Male,raghav18@example.org,5146991765,Anand,AIML,2024,2025
4,Vamakshi Puri,20,Female,ykhosla@example.com,00925215729,Kavali,AIML,2024,2025
5,Umang Gole,23,Male,rbajwa@example.net,+918476496645,Tenali,AIML,2024,2025
6,George Saha,24,Male,akulkarni@example.org,3767256743,Kavali,AIML,2024,2025
7,Yashoda Agarwal,18,Female,rmannan@example.com,+914728656897,Amritsar,AIML,2024,2025
8,Samesh Dube,18,Male,sibalmadhavi@example.org,00691780413,Mathura,AIML,2024,2025
9,Yagnesh Thakur,22,Male,singhaldominic@example.net,6712294379,Hindupur,AIML,2024,2025
10,Omisha Som,21,Female,ethakkar@example.org,02602531484,Rohtak,AIML,2024,2025
11,Geetika Balasubramanian,19,Female,bahrimugdha@example.org,00473759658,Sasaram,AIML,2024,2025
12,Bhavini Dhawan,23,Female,yuvraj58@example.com,9982051284,Udaipur,AIML,2024,2025
13,Balvan Narula,23,Male,aishanilall@example.net,+911860964347,New Delhi,AIML,2024,2025
14,Alexander Nazareth,21,Male,isuresh@example.org,+916452915180,Ambattur,AIML,2024,2025
15,Banjeet Chatterjee,18,Male,kariomkaar@example.org,+917036024264,Bhatpara,AIML,2024,2025
16,Mekhala Sankar,18,Female,abeer43@example.org,0284377831,Singrauli,AIML,2024,2025
17,Neha Bhatti,24,Female,ychahal@example.net,01628960210,Mysore,AIML,2024,2025
18,Omisha Bal,20,Female,zgandhi@example.org,5413762031,Kakinada,AIML,2024,2025
19,Yashodhara Lall,20,Female,parthchanda@example.com,8659421605,Meerut,AIML,2024,2025
20,Kiaan Bali,18,Male,leena87@example.org,+915707012066,Cuttack,AIML,2024,2025
21,Sanya Soni,23,Female,upradhan@example.org,05102517300,Howrah,AIML,2024,2025
22,Harrison Om,21,Male,gangaloke@example.net,09181385106,Bhind,AIML,2024,2025
23,Forum Dalal,25,Female,aradhanaseth@example.org,+913377247682,Nangloi Jat,AIML,2024,2025
24,Radhika Chakraborty,24,Female,riyasheth@example.net,2873461025,Kadapa,AIML,2024,2025
25,Dipta Sanghvi,25,Female,samaksh61@example.org,9230731441,Ongole,AIML,2024,2025
26,Krishna Banerjee,21,Female,brastogi@example.org,9722286398,Katni,AIML,2024,2025
27,Radhika Yogi,18,Female,tanishuppal@example.com,+912596704423,Bellary,AIML,2024,2025
28,Nikita Balasubramanian,19,Female,isethi@example.org,07983889001,Bahraich,AIML,2024,2025
29,Omya Baria,18,Female,chamansankaran@example.com,+918831900020,Ludhiana,AIML,2024,2025
30,Upma Madan,24,Female,aradhanamaharaj@example.org,+913105347510,Panvel,AIML,2024,2025
31,Darpan Mane,23,Male,sureshyadavi@example.net,09179840006,Deoghar,AIML,2024,2025
32,Reva Pall,25,Female,tmammen@example.net,07883350369,Alappuzha,AIML,2024,2025
33,Nihal Bala,21,Male,advikmaharaj@example.net,5908000013,Gaya,AIML,2024,2025
34,Ayaan Sahni,22,Male,zaitradhar@example.com,01890310123,Madanapalle,AIML,2024,2025
35,Meghana Agate,20,Female,aarush94@example.org,06150480176,Mango,AIML,2024,2025
36,Balhaar Aggarwal,25,Male,iwalia@example.org,07813003657,Aurangabad,AIML,2024,2025
37,Rachita Dhawan,25,Female,batrachanakya@example.net,3032373527,Pimpri-Chinchwad,AIML,2024,2025
38,Viraj Sankaran,23,Male,bedihema@example.org,3246781611,Kumbakonam,AIML,2024,2025
39,Ekansh Chandra,20,Male,ahujatara@example.net,3306878160,Satna,AIML,2024,2025
40,Aahana Amble,22,Female,virajsem@example.net,6551310210,Ulhasnagar,AIML,2024,2025
41,Azad Ravi,21,Male,biswasbarkha@example.com,+915898766621,Tenali,AIML,2024,2025
42,Jeet Maharaj,18,Male,oeshiseth@example.com,+911207083677,Muzaffarnagar,AIML,2024,2025
43,Krish Khurana,20,Male,yatandass@example.com,+911287427666,Machilipatnam,AIML,2024,2025
44,Umang Bhatt,23,Male,mbora@example.org,+912853936025,Anantapur,AIML,2024,2025
45,Jasmit Sarraf,18,Female,rushil67@example.net,6316027079,Sagar,AIML,2024,2025
46,Widisha Pant,18,Female,yug12@example.org,06661107576,Khora ,AIML,2024,2025
47,Tanish Kumer,25,Male,girindrakata@example.org,02905610140,Tiruchirappalli,AIML,2024,2025
48,Aarna Sekhon,25,Female,uahluwalia@example.org,08169148766,Rajpur Sonarpur,AIML,2024,2025
49,Advika Rege,24,Female,ekapad91@example.net,00009847637,Mysore,AIML,2024,2025
50,Reva Bhatia,20,Female,warinder89@example.com,+913718938383,Machilipatnam,AIML,2024,2025
51,Arya Kunda,18,Female,zmand@example.net,2427619398,Uluberia,AIML,2024,2025
52,Laksh Gole,21,Male,parthradhakrishnan@example.net,+915494516166,Patiala,AIML,2024,2025
53,Rishi Tiwari,25,Male,matthewchand@example.com,6073481178,Shivpuri,AIML,2024,2025
54,Ubika Dixit,18,Female,kotarudra@example.net,9907665080,Bhind,AIML,2024,2025
55,Neel Uppal,18,Male,golepraneel@example.net,04101454823,Mumbai,AIML,2024,2025
56,Janani Gulati,19,Female,falakgarg@example.com,7209466562,Madanapalle,AIML,2024,2025
57,Ishwar Dey,24,Male,manderzayan@example.com,5876789005,Guntur,AIML,2024,2025
58,Ati Sarkar,23,Female,kai60@example.org,4760625908,Durg,AIML,2024,2025
59,Gaurang Kala,23,Male,hariniparmer@example.org,+914288895040,Tirunelveli,AIML,2024,2025
60,Gautam Sarna,23,Male,sachdevharinakshi@example.net,+912405320844,Danapur,AIML,2024,2025
61,Yashawini Dass,20,Female,mandajyoti@example.org,09343384648,Gandhinagar,AIML,2024,2025
62,Udarsh Kala,20,Male,ddalal@example.com,+910437497704,Hindupur,AIML,2024,2025
63,Ekalinga Sodhi,19,Male,vidhi32@example.net,3625384142,Arrah,AIML,2024,2025
64,Sai Batta,21,Female,hwarrior@example.com,3885316301,Surat,AIML,2024,2025
65,Devika Ratti,18,Female,ekani10@example.net,+915397004152,Phagwara,AIML,2024,2025
66,Chaitaly Murty,20,Female,baljiwan89@example.com,07957824245,Kanpur,AIML,2024,2025
67,Frederick Tank,23,Male,chahalonveer@example.com,+913025924804,Ghaziabad,AIML,2024,2025
68,Vamakshi Wable,25,Female,yadavidora@example.org,08223966050,Alappuzha,AIML,2024,2025
69,Vasudha Dave,24,Female,timothy71@example.com,1828081559,Pondicherry,AIML,2024,2025
70,Eesha Chander,22,Female,eshana35@example.com,04456261143,Chapra,AIML,2024,2025
71,Mason Kala,22,Male,parmarqabil@example.org,4733127361,Anantapur,AIML,2024,2025
72,Lucky Varghese,18,Male,otaneja@example.com,7174860177,Tiruvottiyur,AIML,2024,2025
73,Shaurya Dutta,20,Male,dayitanarasimhan@example.net,+918854617328,Jamnagar,AIML,2024,2025
74,Vasudha Madan,20,Female,jkashyap@example.com,+911615497393,Raichur,AIML,2024,2025
75,Nandini Ray,22,Female,karnikakshay@example.com,9880117190,Jalandhar,AIML,2024,2025
76,Henry Bose,23,Male,hritik74@example.org,+916029634624,Hindupur,AIML,2024,2025
77,Veda Nayak,20,Female,khora@example.net,0687615112,Kulti,AIML,2024,2025
78,Hritik Devi,20,Male,jjayaraman@example.org,+919783658111,Dehradun,AIML,2024,2025
79,Ekta Sethi,25,Female,sai22@example.org,6654765401,Phusro,AIML,2024,2025
80,Prisha Joshi,23,Female,lbutala@example.org,08652328435,Mathura,AIML,2024,2025
81,Faris Loke,25,Male,omzashil@example.net,01153353900,Katihar,AIML,2024,2025
82,Chandran Shere,23,Male,trout@example.net,6877728516,Anantapuram,AIML,2024,2025
83,Wishi Om,24,Female,dhingrajacob@example.org,6377549614,Dhule,AIML,2024,2025
84,Chavvi Hari,19,Female,dearyan@example.com,08488620075,Udupi,AIML,2024,2025
85,Anmol Uppal,19,Male,subramaniamanjali@example.org,7629338823,South Dumdum,AIML,2024,2025
86,Udyati Apte,25,Female,shankarjagdish@example.net,+913703332538,Anantapuram,AIML,2024,2025
87,Yadavi Ganguly,22,Female,finnganguly@example.com,2016676890,Ambala,AIML,2024,2025
88,Nakul Deo,18,Male,vighardik@example.com,+913150373633,Tadepalligudem,AIML,2024,2025
89,Samesh Rastogi,19,Male,moremanya@example.org,01836196201,Nadiad,AIML,2024,2025
90,Samar Choudhry,22,Male,harsh55@example.com,5062395483,Gulbarga,AIML,2024,2025
91,Charles Patla,20,Male,turvisolanki@example.org,0083086787,Meerut,AIML,2024,2025
92,Xalak Kata,23,Female,vincentdewan@example.com,6909334679,Malda,AIML,2024,2025
93,Kashish Sheth,19,Female,pprasad@example.org,01662689612,Gurgaon,AIML,2024,2025
94,Bachittar Manne,19,Male,naiklaksh@example.org,01306017343,Tenali,AIML,2024,2025
95,Balhaar Mittal,22,Male,yahvi57@example.org,+910886586638,Gaya,AIML,2024,2025
96,Yuvraj Nanda,18,Male,wdevan@example.com,2463648836,Muzaffarnagar,AIML,2024,2025
97,Vivaan Mani,20,Male,pahal00@example.org,+914056187259,Sirsa,AIML,2024,2025
98,Widisha Uppal,20,Female,baljiwanmangat@example.com,4478104312,Anantapuram,AIML,2024,2025
99,Vrinda Kale,20,Female,kalitamohini@example.com,2127040889,Kirari Suleman Nagar,AIML,2024,2025
100,Parth Talwar,24,Male,amritasaraf@example.com,0535864741,Visakhapatnam,AIML,2024,2025
101,Irya Sura,21,Female,lvasa@example.org,+912358696045,Katni,AIML,2024,2025
102,Bhavani Varkey,18,Female,hemaldin@example.net,08011943152,Chennai,AIML,2024,2025
103,Rajeshri Goel,21,Female,chanaodika@example.com,4142219269,Etawah,AIML,2024,2025
104,Nidra Goyal,25,Female,edhithamerchant@example.com,+915931686400,Jehanabad,AIML,2024,2025
105,Amaira Jha,19,Female,varsha81@example.org,+911157642222,Agartala,AIML,2024,2025
106,Avni Upadhyay,19,Female,upkaar96@example.org,03849486751,Avadi,AIML,2024,2025
107,Joshua Peri,19,Male,ckadakia@example.org,+915495635258,Hapur,AIML,2024,2025
108,Champak Arya,19,Male,psetty@example.net,04560170444,Gandhidham,AIML,2024,2025
109,Ryan Loke,24,Male,zshankar@example.net,+911382982737,Fatehpur,AIML,2024,2025
110,Fitan Shankar,24,Male,tarak61@example.net,7291179656,Bahraich,AIML,2024,2025
111,Theodore Narayan,22,Male,guneetghose@example.net,5498806466,Srinagar,AIML,2024,2025
112,Lohit Dhar,25,Male,cbanik@example.net,+913922431242,Aurangabad,AIML,2024,2025
113,Tanish Sharma,22,Male,mitravarsha@example.net,+915271939447,Ghaziabad,AIML,2024,2025
114,Jairaj Raghavan,23,Male,cnadkarni@example.com,08497621427,Bellary,AIML,2024,2025
115,Matthew Raval,22,Male,ridhisuri@example.org,00247977128,Ambarnath,AIML,2024,2025
116,Yahvi Khosla,22,Female,sdoshi@example.com,+912107135419,Bahraich,AIML,2024,2025
117,Mohammed Parmar,23,Male,ikakar@example.net,+918960481887,Saharsa,AIML,2024,2025
118,Sarthak Bawa,25,Male,jeet46@example.net,9484126439,Khandwa,AIML,2024,2025
119,Hritik Gade,19,Male,aarna63@example.org,09077481743,Bahraich,AIML,2024,2025
120,Sanya Kurian,24,Female,birzaid@example.org,00146925442,Hajipur,AIML,2024,2025
121,Pranit Thakur,25,Male,randhawachakradev@example.org,00770141650,Katni,AIML,2024,2025
122,Garima Dhillon,21,Female,oagate@example.com,+914680979882,Serampore,AIML,2024,2025
123,Udarsh Kant,25,Male,lakshmi93@example.org,4988456413,Ulhasnagar,AIML,2024,2025
124,Zilmil Raman,19,Female,aviguha@example.net,+917458567042,Gulbarga,AIML,2024,2025
125,Pavani Nair,22,Female,indrajit95@example.com,+918020555474,Nangloi Jat,AIML,2024,2025
126,Mitesh Madan,24,Male,gillhiral@example.net,6269287503,Jalandhar,AIML,2024,2025
127,Luke Swaminathan,18,Male,dayamaikulkarni@example.net,3536307601,Saharsa,AIML,2024,2025
128,Dayamai Tailor,25,Female,janya64@example.org,05670861005,Bijapur,AIML,2024,2025
129,Zayan Pandey,22,Male,kpall@example.org,2326164218,Motihari,AIML,2024,2025
130,Sathvik Rout,23,Male,psalvi@example.net,8517406676,Kakinada,AIML,2024,2025
131,Reva Upadhyay,21,Female,groverqasim@example.org,+913763022394,Sultan Pur Majra,AIML,2024,2025
132,Wazir Ramesh,24,Male,sachdevalekha@example.net,1885974328,Tadipatri,AIML,2024,2025
133,Ojas Seshadri,23,Male,cbhat@example.net,00161301463,Farrukhabad,AIML,2024,2025
134,Ridhi Kulkarni,24,Female,balhaarnair@example.net,5309261645,Tiruppur,AIML,2024,2025
135,Ekaraj Mahal,25,Male,mayasarin@example.com,07758897020,Tiruchirappalli,AIML,2024,2025
136,Tejas Mane,22,Male,achaudhry@example.net,+916263730652,Sasaram,AIML,2024,2025
137,Finn Devi,19,Male,kevinpathak@example.net,09589392451,Tenali,AIML,2024,2025
138,Samuel Chakrabarti,24,Male,dharchampak@example.com,+911737525026,Tadipatri,AIML,2024,2025
139,Jeremiah Korpal,22,Male,christophermitra@example.net,9313649154,Khammam,AIML,2024,2025
140,Meghana Bose,21,Female,mekhala03@example.com,+918753502417,Bihar Sharif,AIML,2024,2025
141,Bhavika Subramanian,21,Female,varenya13@example.com,08305402851,Nellore,AIML,2024,2025
142,Ekavir Chawla,22,Male,masonwali@example.com,9718140801,Tirunelveli,AIML,2024,2025
143,Dominic Maharaj,22,Male,itella@example.com,+916914963576,Raebareli,AIML,2024,2025
144,Kiaan Tara,22,Male,karpeanita@example.org,9685948440,Fatehpur,AIML,2024,2025
145,Advika Lal,19,Female,arin31@example.net,+910416791857,Mehsana,AIML,2024,2025
146,Jack Pradhan,18,Male,toorgaurang@example.net,3907995449,Junagadh,AIML,2024,2025
147,Qabil Kaul,24,Male,hitesh91@example.org,+911047932669,Nanded,AIML,2024,2025
148,Benjamin Prakash,19,Male,ibuch@example.com,0610525666,Mango,AIML,2024,2025
149,Balendra Atwal,22,Male,kamdardalaja@example.com,+919459063384,Rohtak,AIML,2024,2025
150,Advay Kuruvilla,24,Male,lalekanta@example.com,7452782637,Pondicherry,AIML,2024,2025
151,Urmi Dhaliwal,20,Female,shettyalexander@example.org,06342160124,Kochi,AIML,2024,2025
152,Jagat Basak,25,Male,kurianvasatika@example.org,8608505296,Satna,AIML,2024,2025
153,Jasmit Chandran,19,Female,mohantybakhshi@example.net,03415214469,Thoothukudi,AIML,2024,2025
154,Falan Roy,25,Male,parsakiaan@example.com,+912898827234,Jalna,AIML,2024,2025
155,Radhika Halder,25,Female,pgrewal@example.com,05446146606,Bhatpara,AIML,2024,2025
156,Girish Balasubramanian,21,Male,thakurfrederick@example.org,+916161190429,Jamnagar,AIML,2024,2025
157,Matthew Mangal,22,Male,eshanamunshi@example.org,04934355591,Jamnagar,AIML,2024,2025
158,Urishilla Sengupta,19,Female,enarayanan@example.org,07084726931,Kadapa,AIML,2024,2025
159,Kashish Sem,23,Female,savantfalak@example.com,+917487958983,Dharmavaram,AIML,2024,2025
160,Aachal Korpal,18,Female,deepvarsha@example.com,+917426021727,Adoni,AIML,2024,2025
161,Odika Malhotra,23,Female,bhavaniapte@example.org,08064342800,Warangal,AIML,2024,2025
162,Meera Bains,22,Female,anirudhreddy@example.com,08495218192,Kurnool,AIML,2024,2025
163,Ishwar Subramaniam,19,Male,eshana48@example.org,+918476725491,Thane,AIML,2024,2025
164,Pavani Aggarwal,24,Female,csule@example.net,9477055718,Gaya,AIML,2024,2025
165,Tanveer Mital,22,Male,ssetty@example.net,+917173230583,Bareilly,AIML,2024,2025
166,Yasti Dugar,25,Female,lahuja@example.net,+918438272004,Patiala,AIML,2024,2025
167,Shravya Nath,18,Female,damyanti19@example.net,00694729638,Jorhat,AIML,2024,2025
168,Qabil Kale,22,Male,adweta72@example.com,+910208097221,Bhalswa Jahangir Pur,AIML,2024,2025
169,Urvashi Bala,22,Female,vedhikachand@example.org,+918710688520,Bathinda,AIML,2024,2025
170,Daksh Goda,19,Male,neel43@example.com,9058499212,Tiruvottiyur,AIML,2024,2025
171,Triya Kohli,25,Female,darsh01@example.org,+912263079513,Buxar,AIML,2024,2025
172,Zaitra Contractor,20,Female,wgupta@example.org,3877782983,Kozhikode,AIML,2024,2025
173,Tanish Mandal,19,Male,arin98@example.net,06887659886,Adoni,AIML,2024,2025
174,Ronith Raval,23,Male,kandaalka@example.com,0057254033,Nagercoil,AIML,2024,2025
175,Naksh Shanker,20,Male,vasaodika@example.net,+918784980473,Kota,AIML,2024,2025
176,Anya Kota,22,Female,sdhar@example.com,1594662805,Korba,AIML,2024,2025
177,Shivansh Kata,20,Male,qkothari@example.com,+915037823089,Panchkula,AIML,2024,2025
178,Zayyan Koshy,19,Male,saranfarhan@example.com,2516780141,Rourkela,AIML,2024,2025
179,Nisha Sama,25,Female,jaisha@example.org,08123872007,Guwahati,AIML,2024,2025
180,Jagvi Varughese,19,Female,dattakalpit@example.org,07807951837,Hospet,AIML,2024,2025
181,Ikshita Sahota,25,Female,gseth@example.net,9145842566,Navi Mumbai,AIML,2024,2025
182,Hitesh Pillai,18,Male,chandresh70@example.net,+911587864760,Imphal,AIML,2024,2025
183,Manthan Singh,18,Male,faqidbhargava@example.com,+912794308076,Rohtak,AIML,2024,2025
184,Ria Mannan,20,Female,zlanka@example.org,+916378759465,Gulbarga,AIML,2024,2025
185,Omya Dave,21,Female,manya00@example.org,+913586317895,Korba,AIML,2024,2025
186,Nirja Char,24,Female,zchander@example.com,01139545141,Kulti,AIML,2024,2025
187,Dalaja Dua,18,Female,fkala@example.org,+910967485521,Firozabad,AIML,2024,2025
188,Rachita Sampath,24,Female,wsachdev@example.net,03251890910,Agra,AIML,2024,2025
189,Avi Mammen,20,Male,gabalila@example.org,6622510381,Nashik,AIML,2024,2025
190,Tejas Solanki,22,Male,thomas56@example.net,06695462365,Raebareli,AIML,2024,2025
191,Ekanta Buch,18,Female,arjunshankar@example.net,8158602933,Saharanpur,AIML,2024,2025
192,Nihal Basak,22,Male,ethan07@example.com,03065074344,Gaya,AIML,2024,2025
193,Upkaar Thaman,21,Male,sainironith@example.com,8167493285,Rourkela,AIML,2024,2025
194,Unnati Pai,25,Female,ekaraj64@example.com,00433742478,Ozhukarai,AIML,2024,2025
195,Viraj Pai,22,Male,gokhalethomas@example.com,+912125197554,Thiruvananthapuram,AIML,2024,2025
196,Libni Munshi,18,Female,nimrat70@example.com,+918029802546,Kulti,AIML,2024,2025
197,Oviya Thaman,24,Female,bishakha23@example.org,+917628241316,Anand,AIML,2024,2025
198,Januja Banik,25,Female,bhallachandresh@example.net,+910886750685,Haldia,AIML,2024,2025
199,William Raj,18,Male,kgara@example.com,0980794591,Dhule,AIML,2024,2025
200,Daksha Rajan,25,Female,priyaedwin@example.com,08706242408,Nandyal,AIML,2024,2025
201,Zaid Sahni,23,Male,sankarforum@example.org,06573857109,Kolhapur,AIML,2024,2025
202,Charita Sani,20,Female,nraj@example.net,2512737216,Jalna,AIML,2024,2025
203,Maya Sandal,23,Female,zbanik@example.com,1025367489,Bikaner,AIML,2024,2025
204,Eshana Raja,22,Female,gmadan@example.net,5132775749,Bhilai,AIML,2024,2025
205,Nidhi Kashyap,18,Female,krishnasharma@example.com,2259786994,Madurai,AIML,2024,2025
206,Nirja Sachdev,22,Female,balakrishnanadvik@example.org,+917199907719,Indore,AIML,2024,2025
207,Chavvi Bath,21,Female,vansha26@example.com,04628718528,Hindupur,AIML,2024,2025
208,Luke Kala,25,Male,gsha@example.net,+919453952370,Giridih,AIML,2024,2025
209,Falak Swaminathan,25,Female,saumyalal@example.com,+915153234873,Sangli-Miraj & Kupwad,AIML,2024,2025
210,Jagvi Deshpande,24,Female,falak13@example.com,+913180923801,Nandyal,AIML,2024,2025
211,Nirja Bhat,21,Female,vpandit@example.org,00970519442,Bidhannagar,AIML,2024,2025
212,Yash Handa,20,Male,uluthra@example.org,2288026733,Satara,AIML,2024,2025
213,Inaya Iyer,20,Female,damini51@example.org,06971519000,Ranchi,AIML,2024,2025
214,Nathan Chanda,25,Male,patlaaishani@example.net,+916001281216,Udaipur,AIML,2024,2025
215,Amol Chakrabarti,22,Male,chaturaloyal@example.org,03558304297,Anand,AIML,2024,2025
216,Kashvi Thaman,23,Female,manan13@example.org,+914949107091,Bhusawal,AIML,2024,2025
217,Gaurav Anne,18,Male,advika43@example.org,+918338348016,Jamnagar,AIML,2024,2025
218,Xalak Deep,19,Female,peterreddy@example.net,+916481155368,Guna,AIML,2024,2025
219,Arya Kohli,21,Female,charles07@example.org,+916077582952,Shivpuri,AIML,2024,2025
220,Lajita Lall,23,Female,ucchalradhakrishnan@example.com,01571214946,Avadi,AIML,2024,2025
221,Praneel Savant,20,Male,chatura12@example.net,6720096994,Karimnagar,AIML,2024,2025
222,Udant Sanghvi,22,Male,bhavna78@example.net,08606351308,Jaunpur,AIML,2024,2025
223,Waida Chanda,19,Female,shettyati@example.org,+913019073808,Vasai-Virar,AIML,2024,2025
224,Tamanna Sahota,19,Female,iyogi@example.com,+919028778853,Bhiwani,AIML,2024,2025
225,Leena Suri,23,Female,madanbaljiwan@example.com,07458412174,Sambalpur,AIML,2024,2025
226,Rohan Krishnan,19,Male,tiwaripranav@example.com,+913825244821,Miryalaguda,AIML,2024,2025
227,Viraj Krishnamurthy,19,Male,dmittal@example.org,+910840647160,Gurgaon,AIML,2024,2025
228,Udant Saini,20,Male,waida40@example.org,2329387248,Rourkela,AIML,2024,2025
229,Chaitanya Mangat,22,Male,chanadamyanti@example.com,01917857665,Purnia,AIML,2024,2025
230,Tanish Bhatti,22,Male,reyansh54@example.net,+916393694226,Bokaro,AIML,2024,2025
231,Forum Bose,19,Female,jainyuvraj@example.com,03026572441,Kollam,AIML,2024,2025
232,Nitesh Mani,22,Male,ladethan@example.com,7138831514,Bokaro,AIML,2024,2025
233,Guneet Patel,22,Male,guhanicholas@example.com,+912462256338,Bathinda,AIML,2024,2025
234,Hemangini Patil,24,Female,hemani27@example.org,1020843266,Vijayanagaram,AIML,2024,2025
235,Fiyaz Srinivasan,23,Male,edevi@example.org,09313319191,Udaipur,AIML,2024,2025
236,Zaitra Dey,23,Female,pavanibhagat@example.com,+910380691563,Morbi,AIML,2024,2025
237,Zashil Bal,24,Male,sahotaekaja@example.com,03991707227,Hospet,AIML,2024,2025
238,George Raghavan,25,Male,dhriti59@example.com,+914125492338,Bihar Sharif,AIML,2024,2025
239,Udyati Vora,22,Female,xmurty@example.com,+917649158999,Baranagar,AIML,2024,2025
240,Prisha Lall,25,Female,mzachariah@example.net,+913417473311,Rajkot,AIML,2024,2025
241,Keya Venkatesh,24,Female,chaitanyasalvi@example.net,5694403985,Bhilwara,AIML,2024,2025
242,Urishilla Sant,21,Female,abeerkala@example.net,3334976987,Fatehpur,AIML,2024,2025
243,Yashasvi Chahal,22,Female,cherianekta@example.com,09691060862,Purnia,AIML,2024,2025
244,Bhavini Borah,25,Female,tluthra@example.net,+911966503445,Gorakhpur,AIML,2024,2025
245,Ayaan Master,18,Male,vahuja@example.com,8981785025,Patiala,AIML,2024,2025
246,Noah Shukla,18,Male,nikitakhatri@example.net,5778161789,Bhopal,AIML,2024,2025
247,Anthony Bhatti,22,Male,falak47@example.net,+912130411775,Agartala,AIML,2024,2025
248,Darika Raman,20,Female,goswamianay@example.com,06490366205,Ajmer,AIML,2024,2025
249,Abdul Sachdev,25,Male,vbobal@example.com,+915879919986,Bongaigaon,AIML,2024,2025
250,Devika Ahuja,18,Female,madhav33@example.net,4363865454,Karawal Nagar,AIML,2024,2025
251,Jai Palla,18,Male,jsuresh@example.org,0045366911,Secunderabad,AIML,2024,2025
252,Chakrika Yadav,18,Female,daksh39@example.org,01556825205,Varanasi,AIML,2024,2025
253,Onveer Sarin,23,Male,anjalinarula@example.com,00809579446,Kakinada,AIML,2024,2025
254,Rishi Khalsa,19,Male,vrinda10@example.org,4518210375,Saharanpur,AIML,2024,2025
255,Vyanjana Misra,20,Female,simon83@example.net,03986562794,Anantapuram,AIML,2024,2025
256,Jagdish Mander,18,Male,brijesh05@example.net,2668036970,Shimoga,AIML,2024,2025
257,Anay Ratti,24,Male,sethitanay@example.net,+914482859642,Durg,AIML,2024,2025
258,Ganga Mangal,23,Female,palleela@example.com,3399996309,Davanagere,AIML,2024,2025
259,Leela Varma,18,Female,gaganramakrishnan@example.org,+914211253543,Ahmednagar,AIML,2024,2025
260,Bimala Panchal,20,Female,vaidyajoshua@example.com,+913209378954,Vadodara,AIML,2024,2025
261,Udarsh Sundaram,21,Male,jason85@example.com,4504381562,Bhatpara,AIML,2024,2025
262,Balendra Uppal,18,Male,falakloyal@example.com,0160064145,Bhusawal,AIML,2024,2025
263,Nitesh Panchal,25,Male,williamchar@example.com,+910018787742,Thanjavur,AIML,2024,2025
264,Chatura Johal,22,Male,nachiketzachariah@example.net,01387467618,Munger,AIML,2024,2025
265,Charita Brahmbhatt,23,Female,munisaksham@example.com,+915646411022,Howrah,AIML,2024,2025
266,Logan Dhar,18,Male,rudradin@example.net,05083474054,Miryalaguda,AIML,2024,2025
267,Lila Pingle,18,Female,ivala@example.com,08731686094,Dewas,AIML,2024,2025
268,Sathvik Saraf,24,Male,manthan09@example.org,+917019594006,Ramgarh,AIML,2024,2025
269,Ladli Roy,20,Female,arjun47@example.com,1226456464,Muzaffarnagar,AIML,2024,2025
270,Sneha Grewal,24,Female,vrinda73@example.org,06253443177,Bhilwara,AIML,2024,2025
271,Banjeet Bhagat,24,Male,virajsharaf@example.org,+918478826883,Unnao,AIML,2024,2025
272,Tripti Bahl,19,Female,wsarraf@example.org,+914179335811,Katihar,AIML,2024,2025
273,Jeet Chakraborty,24,Male,dsama@example.com,5796414871,Chandigarh,AIML,2024,2025
274,Rayaan Bose,21,Male,omajakamdar@example.net,07944738413,Akola,AIML,2024,2025
275,Ganga Kumar,19,Female,hvaidya@example.org,6320467553,Shivpuri,AIML,2024,2025
276,Anusha Venkatesh,22,Female,udyati60@example.org,+916086122862,Raichur,AIML,2024,2025
277,Waida Kota,22,Female,jpau@example.org,+910219442657,Jaunpur,AIML,2024,2025
278,Nicholas Chacko,22,Male,aroranirja@example.com,6796460196,Agra,AIML,2024,2025
279,Panini Pillai,23,Female,ishitasankar@example.com,00363823345,Vijayanagaram,AIML,2024,2025
280,Imaran Bhatt,21,Male,berafariq@example.net,+914376820193,Tadepalligudem,AIML,2024,2025
281,Urishilla Kibe,25,Female,rkarpe@example.net,+919209430670,Kolkata,AIML,2024,2025
282,Liam Anand,25,Male,bimala97@example.org,03836177667,Gwalior,AIML,2024,2025
283,Gauri Deep,20,Female,manidarsh@example.org,+913518700488,Ludhiana,AIML,2024,2025
284,Bachittar Nagarajan,25,Male,wablepooja@example.net,07141689596,Tirupati,AIML,2024,2025
285,Arunima Saha,25,Female,mugdhakibe@example.org,+911556083792,New Delhi,AIML,2024,2025
286,Manbir Gole,21,Male,bahribina@example.net,+911054722797,Nagercoil,AIML,2024,2025
287,Reva Deshmukh,22,Female,xiti54@example.net,+916280152723,Anand,AIML,2024,2025
288,Janya Parsa,22,Female,akshay51@example.org,+916122381722,Raiganj,AIML,2024,2025
289,Siddharth Rajagopal,21,Male,tsubramanian@example.com,1861781682,Alwar,AIML,2024,2025
290,Abhiram Parikh,18,Male,wbhargava@example.org,2409669533,Maheshtala,AIML,2024,2025
291,Nidhi Ramakrishnan,22,Female,alkasharma@example.org,3523521341,Dehri,AIML,2024,2025
292,Avi Bandi,21,Male,dbhatia@example.com,08563757409,Mysore,AIML,2024,2025
293,Radha Sur,24,Female,anya51@example.org,6619157119,Tiruppur,AIML,2024,2025
294,Aadi Dhingra,23,Male,vchaudhry@example.net,+912944749746,Ichalkaranji,AIML,2024,2025
295,Aashi Ram,24,Female,madhavhans@example.net,+917273591499,Vadodara,AIML,2024,2025
296,Aahana Verma,22,Female,aarnasampath@example.net,02924488838,Burhanpur,AIML,2024,2025
297,Darpan Dutt,23,Male,dutttara@example.net,+919984795867,Agra,AIML,2024,2025
298,Caleb Ranganathan,20,Male,tanvi62@example.org,+914685445868,Rewa,AIML,2024,2025
299,Jatin Mohanty,21,Male,girik83@example.org,+918192126972,Sambalpur,AIML,2024,2025
300,Bhavani Bhandari,24,Female,isur@example.org,04031155950,Durg,AIML,2024,2025
301,Reva Sachdeva,22,Female,hsuresh@example.net,08323983290,Jalandhar,AIML,2024,2025
302,Dayamai Toor,18,Female,gopal78@example.net,8110956244,Siliguri,AIML,2024,2025
303,Xalak Bali,18,Female,rgoda@example.net,8493900249,Kalyan-Dombivli,AIML,2024,2025
304,Hema Sagar,21,Female,jyoti95@example.org,02048928032,Udaipur,AIML,2024,2025
305,Xalak Keer,25,Female,chanchaluppal@example.org,3609578562,Kharagpur,AIML,2024,2025
306,Yasti Suri,19,Female,robert05@example.org,+910162530999,Ambala,AIML,2024,2025
307,Oni Sachdev,23,Female,dmitra@example.com,9141513199,Mysore,AIML,2024,2025
308,Dalbir Bobal,24,Male,harshilchanda@example.org,01795279803,Srikakulam,AIML,2024,2025
309,Zayan Bhardwaj,24,Male,vermamaanas@example.org,3264463105,Jaipur,AIML,2024,2025
310,Urmi Dave,25,Female,prama@example.com,07961209480,Kharagpur,AIML,2024,2025
311,Eesha Mukhopadhyay,24,Female,praju@example.com,+911644921771,Dhanbad,AIML,2024,2025
312,Bhavani Bora,22,Female,rajatakala@example.org,5533520843,Bijapur,AIML,2024,2025
313,Qushi Thakkar,24,Female,vihaanroy@example.net,5752590472,Haridwar,AIML,2024,2025
314,Eiravati Deol,19,Female,zarna78@example.com,+911208932520,Gandhinagar,AIML,2024,2025
315,Hemani Morar,25,Female,csen@example.net,01936701878,Jabalpur,AIML,2024,2025
316,Manthan D’Alia,21,Male,wshankar@example.com,+919432011285,Uluberia,AIML,2024,2025
317,Yasti Choudhury,20,Female,chasmumkeer@example.com,06842494611,Ambattur,AIML,2024,2025
318,Bimala Bail,24,Female,vkurian@example.net,9626769571,Deoghar,AIML,2024,2025
319,Udyati Yadav,24,Female,kbuch@example.com,01521089131,Mau,AIML,2024,2025
320,Anmol Vasa,23,Male,aaravnarang@example.org,00189862419,Hosur,AIML,2024,2025
321,Chandani Pandey,23,Female,rkothari@example.com,+913034130177,Nagercoil,AIML,2024,2025
322,Jai Mody,19,Male,uwalla@example.com,02754397505,Alappuzha,AIML,2024,2025
323,Tamanna Dugar,22,Female,jacobdesai@example.net,00415929959,Raichur,AIML,2024,2025
324,Nilima Pau,20,Female,vasatikaratta@example.org,2294616118,Gudivada,AIML,2024,2025
325,Dominic Golla,20,Male,eshanagandhi@example.com,8457518416,Burhanpur,AIML,2024,2025
326,Ubika Garde,19,Female,zayyan78@example.com,9851712004,Kanpur,AIML,2024,2025
327,Urmi Chauhan,18,Female,hayrerohan@example.org,01195560500,Thane,AIML,2024,2025
328,Frado Pau,18,Male,tarasamra@example.net,05047323404,Tiruppur,AIML,2024,2025
329,Vyanjana Hari,24,Female,jeet02@example.net,4565315281,Kochi,AIML,2024,2025
330,Dayamai Yohannan,23,Female,girindra80@example.net,07509266309,Anand,AIML,2024,2025
331,Ronith Deol,21,Male,zjha@example.net,4823038610,Phusro,AIML,2024,2025
332,Mekhala Garg,20,Female,gavin49@example.net,+916025809288,Hapur,AIML,2024,2025
333,Rehaan Malhotra,20,Male,lajitabir@example.net,+912415749949,Thoothukudi,AIML,2024,2025
334,Zinal Anand,21,Female,falak11@example.org,4232429720,Naihati,AIML,2024,2025
335,Darpan Mani,18,Male,mbal@example.org,04321739702,Gulbarga,AIML,2024,2025
336,Falan Bora,20,Male,upkaar46@example.net,5780935342,Junagadh,AIML,2024,2025
337,Neelima Kale,18,Female,pmannan@example.org,08410904598,North Dumdum,AIML,2024,2025
338,Sarthak Merchant,21,Male,cghosh@example.com,05388131582,Bettiah,AIML,2024,2025
339,Dayamai Khatri,21,Female,khatripushti@example.com,8836224354,Nellore,AIML,2024,2025
340,Veer Sunder,19,Male,anamikachana@example.org,06227154084,Ambala,AIML,2024,2025
341,Aashi Sani,23,Female,darkeya@example.net,08590542099,Satna,AIML,2024,2025
342,Reyansh Agrawal,25,Male,aashipillai@example.net,7860159093,Dhanbad,AIML,2024,2025
343,Qasim Koshy,24,Male,magrawal@example.net,+916244169697,Thrissur,AIML,2024,2025
344,Unnati Subramanian,19,Female,upadmanabhan@example.org,7286664678,Bhatpara,AIML,2024,2025
345,Ikshita Ghosh,21,Female,samuel26@example.org,+913572072768,Jalna,AIML,2024,2025
346,Aahana Iyengar,24,Female,xmaster@example.net,+918723856902,Saharanpur,AIML,2024,2025
347,Bhanumati Chandran,25,Female,peter37@example.net,06354607584,Bhubaneswar,AIML,2024,2025
348,Gagan Barman,19,Male,neel92@example.net,+917576956468,Karawal Nagar,AIML,2024,2025
349,Triveni Chaudhry,18,Female,daksha86@example.net,9383881353,Singrauli,AIML,2024,2025
350,Chakradev Mangat,22,Male,anirudh76@example.org,05406471386,Bhilwara,AIML,2024,2025
351,Vyanjana Ghosh,20,Female,yvaidya@example.net,04739995036,Katihar,AIML,2024,2025
352,Eiravati Kar,19,Female,tramachandran@example.org,02990419601,Panvel,AIML,2024,2025
353,Ladli Vasa,21,Female,ishabal@example.org,+912346768337,Aurangabad,AIML,2024,2025
354,Oviya Tripathi,25,Female,ochakrabarti@example.org,7534326075,Deoghar,AIML,2024,2025
355,Urishilla Pandey,20,Female,aryayatan@example.org,08364123817,Nizamabad,AIML,2024,2025
356,Madhav Natt,25,Male,gopalvasana@example.com,+911545572312,Ramagundam,AIML,2024,2025
357,Qadim Saxena,19,Male,lvig@example.net,+915417459621,Saharanpur,AIML,2024,2025
358,Harsh Badal,21,Male,rishi30@example.com,+916368163633,Moradabad,AIML,2024,2025
359,Ati Dash,25,Female,edhitha85@example.net,00019676528,Mangalore,AIML,2024,2025
360,Yagnesh Balakrishnan,20,Male,nmuni@example.org,+912713493053,Buxar,AIML,2024,2025
361,Farhan Kadakia,22,Male,nagarajanoscar@example.org,04103996226,Naihati,AIML,2024,2025
362,Robert Merchant,25,Male,abha43@example.com,+917379607913,Shimoga,AIML,2024,2025
363,Farhan Ghosh,22,Male,bansalvarsha@example.com,02543378374,Jamshedpur,AIML,2024,2025
364,Isaiah Divan,23,Male,nsankar@example.org,5009629414,Kottayam,AIML,2024,2025
365,Mohammed Grewal,21,Male,santbalhaar@example.net,2248034899,Patiala,AIML,2024,2025
366,Om Iyengar,18,Male,yuvraj21@example.org,+917695634195,Kolhapur,AIML,2024,2025
367,Mason Sarma,25,Male,ljayaraman@example.net,+914990038009,Bhopal,AIML,2024,2025
368,Omya Tandon,22,Female,deohema@example.net,+912800211575,Amravati,AIML,2024,2025
369,Vasatika Kumar,18,Female,bmajumdar@example.net,8684795445,Alappuzha,AIML,2024,2025
370,Jagvi Rama,23,Female,hnatt@example.com,0065513692,Lucknow,AIML,2024,2025
371,Darsh Sidhu,21,Male,kavyasant@example.org,0680450795,Mumbai,AIML,2024,2025
372,Sai Bedi,19,Female,faras10@example.org,0524999843,Faridabad,AIML,2024,2025
373,Timothy Chadha,19,Male,rajankalpit@example.org,9860697534,Sambhal,AIML,2024,2025
374,Falan Setty,20,Male,daraprisha@example.com,4053328017,Panchkula,AIML,2024,2025
375,Ikbal Lall,20,Male,peterbakshi@example.org,6365298772,Loni,AIML,2024,2025
376,Yashasvi Chaudhuri,21,Female,thamangautam@example.net,5963252182,Hazaribagh,AIML,2024,2025
377,Dhriti Brar,25,Female,gmishra@example.org,01428554793,Panchkula,AIML,2024,2025
378,Yug Khare,20,Male,kuruvillachanchal@example.net,04141662864,Bhubaneswar,AIML,2024,2025
379,Falguni Luthra,19,Female,masonbala@example.net,3067741469,Proddatur,AIML,2024,2025
380,Bishakha Shan,24,Female,boaseati@example.com,2448154809,Singrauli,AIML,2024,2025
381,Jagvi Kumar,20,Female,pallaviborra@example.net,+918293593957,Agartala,AIML,2024,2025
382,Upasna Sarin,20,Female,raksha63@example.org,+910827087966,Hubli–Dharwad,AIML,2024,2025
383,Warhi Mand,19,Female,klad@example.net,1315792417,Farrukhabad,AIML,2024,2025
384,Maya Choudhary,23,Female,zkara@example.com,05147039058,Erode,AIML,2024,2025
385,Liam Lalla,20,Male,lalrachana@example.org,+911429140220,Jalandhar,AIML,2024,2025
386,Chaitanya Sankaran,19,Male,imaran19@example.com,09523657242,Machilipatnam,AIML,2024,2025
387,Anamika Dyal,18,Female,aradhana45@example.net,3792656288,Bardhaman,AIML,2024,2025
388,Nicholas Behl,24,Male,luckypalla@example.net,1368013499,Hospet,AIML,2024,2025
389,Ryan Dua,22,Male,gchakraborty@example.org,+919746146037,Akola,AIML,2024,2025
390,Zilmil Naik,22,Female,ishanvi97@example.net,+913120399246,Bikaner,AIML,2024,2025
391,Ubika Gole,18,Female,dharorinder@example.net,07110859465,Mehsana,AIML,2024,2025
392,Dayamai Roy,19,Female,pallgarima@example.net,05046423795,Madanapalle,AIML,2024,2025
393,Ishwar Vohra,21,Male,ybala@example.com,08877976523,Nashik,AIML,2024,2025
394,Janaki Purohit,19,Female,nitesh74@example.com,03722936122,Khora ,AIML,2024,2025
395,Faqid Khosla,19,Male,yatin65@example.net,05430286020,Gulbarga,AIML,2024,2025
396,Janani Nazareth,22,Female,ikshitachana@example.org,02205826271,Vasai-Virar,AIML,2024,2025
397,Tanmayi Lata,20,Female,gauri17@example.org,3361546257,Machilipatnam,AIML,2024,2025
398,Jonathan Ramakrishnan,19,Male,yatin59@example.net,3063976477,Solapur,AIML,2024,2025
399,Frado Halder,19,Male,ekapad53@example.com,9857926047,Khora ,AIML,2024,2025
400,Ranveer Patla,22,Male,ekaja07@example.net,06560527813,Kulti,AIML,2024,2025
401,Owen Bala,22,Male,mohini41@example.com,8220214361,Karnal,AIML,2024,2025
402,Bina Biswas,18,Female,umangprashad@example.net,+919645371594,Imphal,AIML,2024,2025
403,Jeremiah Chowdhury,19,Male,ebose@example.net,2731751524,Dharmavaram,AIML,2024,2025
404,Edhitha Hora,18,Female,hardikkaul@example.net,5863060218,Thoothukudi,AIML,2024,2025
405,Neelima Khurana,25,Female,nathanielbakshi@example.net,9564826702,Kota,AIML,2024,2025
406,Turvi Dada,21,Female,chawlahredhaan@example.net,+911877448989,Siwan,AIML,2024,2025
407,Adweta Borra,23,Female,ukamdar@example.org,+918079350623,Jorhat,AIML,2024,2025
408,Kala Bansal,25,Female,bhavyadas@example.net,05254280604,Chapra,AIML,2024,2025
409,Harsh Bali,18,Male,owenmadan@example.net,06453725012,Sasaram,AIML,2024,2025
410,Panini Desai,22,Female,bhatviraj@example.org,03617725723,Naihati,AIML,2024,2025
411,Yagnesh Kapadia,23,Male,aroralogan@example.net,+913804707329,Ramgarh,AIML,2024,2025
412,Sarthak Dhingra,18,Male,madhavipalan@example.net,9642191714,Rourkela,AIML,2024,2025
413,Hamsini Krish,25,Female,nathansaini@example.org,+917512520680,Yamunanagar,AIML,2024,2025
414,Saumya Badal,19,Female,dinaryan@example.net,+910915264079,Korba,AIML,2024,2025
415,Jackson Goyal,22,Male,samanilima@example.com,1761899072,Ahmednagar,AIML,2024,2025
416,Mekhala Sachdev,24,Female,ssheth@example.net,+919977979582,Maheshtala,AIML,2024,2025
417,Libni Bhakta,23,Female,qgera@example.net,+911167683891,Nashik,AIML,2024,2025
418,Oni Atwal,24,Female,dbhatnagar@example.org,06190034265,Mehsana,AIML,2024,2025
419,Abdul Sem,19,Male,nicholasbansal@example.com,01686130449,Salem,AIML,2024,2025
420,Nirja Balan,22,Female,gadefitan@example.org,8800450240,Adoni,AIML,2024,2025
421,Nisha Ray,20,Female,anshbabu@example.com,+918026811580,Kavali,AIML,2024,2025
422,Ucchal Bajaj,23,Female,ektamangal@example.net,+912751672100,Jalandhar,AIML,2024,2025
423,Ridhi Deshmukh,24,Female,xvarma@example.org,07617288342,Singrauli,AIML,2024,2025
424,Lila Pau,19,Female,hbahl@example.com,04314102729,Chandrapur,AIML,2024,2025
425,Samarth Barman,23,Male,vrinda50@example.org,7067413140,Jhansi,AIML,2024,2025
426,Janya Sandhu,20,Female,deepa47@example.org,06609280309,Hajipur,AIML,2024,2025
427,Odika Wadhwa,23,Female,dbali@example.org,04787728665,Lucknow,AIML,2024,2025
428,Forum Behl,25,Female,yutikasani@example.com,01788917883,Uluberia,AIML,2024,2025
429,Chatresh Bhat,21,Male,wazir70@example.com,6084307796,Arrah,AIML,2024,2025
430,Jai Gara,20,Male,nihal96@example.net,09862611804,Nandyal,AIML,2024,2025
431,Garima Mutti,19,Female,hegdelohit@example.org,6193339259,Hajipur,AIML,2024,2025
432,Triya Arya,23,Female,aramakrishnan@example.com,4943137155,Hyderabad,AIML,2024,2025
433,Pahal Palan,20,Female,manan75@example.net,+910640487324,Akola,AIML,2024,2025
434,Forum Desai,23,Female,narulakavya@example.net,09533138776,Buxar,AIML,2024,2025
435,Parth Mallick,23,Male,fbhasin@example.org,03225329856,Sultan Pur Majra,AIML,2024,2025
436,Pallavi Guha,22,Female,orinderupadhyay@example.com,3602572651,Patna,AIML,2024,2025
437,Eshana Ganguly,25,Female,ethangopal@example.com,+919352744632,Etawah,AIML,2024,2025
438,Kevin Chakrabarti,20,Male,baradaarini@example.com,02408661642,Kota,AIML,2024,2025
439,David Aggarwal,23,Male,mason38@example.net,+914093919493,Mango,AIML,2024,2025
440,Ikbal Magar,19,Male,sai26@example.com,+910171459544,Sambhal,AIML,2024,2025
441,Dalbir Narasimhan,24,Male,sarthak68@example.org,07689276382,Moradabad,AIML,2024,2025
442,Tara Om,22,Female,onkaruppal@example.org,8731249411,Nagaon,AIML,2024,2025
443,Nisha Prasad,22,Female,sneha26@example.com,+911378447112,Dehri,AIML,2024,2025
444,Tamanna Kuruvilla,19,Female,zansibanerjee@example.com,7143901446,Coimbatore,AIML,2024,2025
445,Aditya Dube,23,Male,yachanasehgal@example.com,05280423804,Ahmedabad,AIML,2024,2025
446,Amaira Sinha,20,Female,wchakrabarti@example.org,0741065887,Dewas,AIML,2024,2025
447,Indira Ahluwalia,24,Female,falgunivyas@example.org,3268013535,Bhalswa Jahangir Pur,AIML,2024,2025
448,Chanchal Ghosh,22,Female,ramekbal@example.net,+912325402384,Dehradun,AIML,2024,2025
449,Nirja Dhawan,18,Female,darpan29@example.net,00088468775,Rewa,AIML,2024,2025
450,Yochana Rattan,25,Female,hsachdev@example.net,03888202415,Mangalore,AIML,2024,2025
451,Advik Vohra,25,Male,banjeetbala@example.com,0731896853,Bihar Sharif,AIML,2024,2025
452,Manan Sibal,19,Male,indira33@example.net,04508602648,Varanasi,AIML,2024,2025
453,Unnati Sehgal,19,Female,hanspraneel@example.org,+915409784712,Jabalpur,AIML,2024,2025
454,Ayaan Sant,19,Male,nagarsai@example.net,4900194925,Phusro,AIML,2024,2025
455,Ayushman Hegde,25,Male,bhavna31@example.com,1022235331,Kottayam,AIML,2024,2025
456,Aarini Ravi,21,Female,hsarkar@example.net,+910916403575,Gaya,AIML,2024,2025
457,Timothy Dhar,24,Male,theodoremishra@example.net,5586592263,Malda,AIML,2024,2025
458,Ridhi Badal,21,Female,sbhat@example.com,8974675426,Dharmavaram,AIML,2024,2025
459,Prisha Bala,21,Female,liamdewan@example.net,+918649037174,Sonipat,AIML,2024,2025
460,Garima Krishnamurthy,20,Female,bishakhasingh@example.com,4326971661,Mysore,AIML,2024,2025
461,George Padmanabhan,24,Male,sekhonpooja@example.com,1961015263,Ujjain,AIML,2024,2025
462,Chaitanya Korpal,19,Male,lhanda@example.com,+910097276911,Firozabad,AIML,2024,2025
463,Qabil Kade,20,Male,kamyabaral@example.com,+914534894037,Thrissur,AIML,2024,2025
464,Michael Borde,18,Male,yuvraj70@example.net,1513110096,Kota,AIML,2024,2025
465,Girindra Kumar,19,Male,kamya20@example.net,0804126826,Shimla,AIML,2024,2025
466,Harshil Rajagopal,20,Male,ochadha@example.org,6517993310,Jhansi,AIML,2024,2025
467,Lavanya Mannan,25,Female,nathanmangal@example.org,+916219804186,Kakinada,AIML,2024,2025
468,Zehaan Chahal,23,Male,qsur@example.com,04827549707,Aizawl,AIML,2024,2025
469,Utkarsh Mane,18,Male,ati95@example.net,+915869161911,Pune,AIML,2024,2025
470,Nathaniel Sathe,24,Male,purohitraghav@example.org,04190662312,Aurangabad,AIML,2024,2025
471,Yash Wali,18,Male,dalbirgala@example.net,+917484836261,Hazaribagh,AIML,2024,2025
472,Chasmum Vohra,19,Female,arunimabaral@example.com,+917407255890,Bihar Sharif,AIML,2024,2025
473,Diya Hayre,25,Female,manan12@example.org,3659441395,Durg,AIML,2024,2025
474,Jagvi Ramanathan,24,Female,wde@example.net,09993645531,Tirupati,AIML,2024,2025
475,Jacob Rau,24,Male,shravya61@example.org,07785447817,Srinagar,AIML,2024,2025
476,Xavier Mani,20,Male,gardevrishti@example.net,+916342150807,Warangal,AIML,2024,2025
477,Sathvik De,25,Male,qabilsinha@example.com,09427635455,Sirsa,AIML,2024,2025
478,Aditya Khosla,20,Male,nagaryashawini@example.org,6405094173,Thiruvananthapuram,AIML,2024,2025
479,Veda Nath,20,Female,chaudhurivasana@example.com,+911574013304,Amroha,AIML,2024,2025
480,Ojas Narang,23,Male,urattan@example.net,6820934133,Khammam,AIML,2024,2025
481,Laksh Chaudhuri,21,Male,ksibal@example.org,+911808560942,Anantapuram,AIML,2024,2025
482,Chanchal Sule,22,Female,umangdoctor@example.net,+917045180189,Danapur,AIML,2024,2025
483,Manthan Oommen,24,Male,shaisha@example.com,2103548294,Warangal,AIML,2024,2025
484,Simon Dhaliwal,20,Male,bimalajhaveri@example.org,+912153275924,Adoni,AIML,2024,2025
485,Gavin Nayar,20,Male,pinglemegha@example.net,02127060138,Thanjavur,AIML,2024,2025
486,Dayamai Chaudhary,23,Female,devanryan@example.net,+912064045070,Guwahati,AIML,2024,2025
487,Idika Badami,21,Female,farhan15@example.net,+913987897766,Serampore,AIML,2024,2025
488,Xiti Shanker,21,Female,wasonzayan@example.net,+918562353200,Gangtok,AIML,2024,2025
489,Chaitanya Rajagopalan,24,Male,charan22@example.com,00783963251,Sasaram,AIML,2024,2025
490,Isaac Pai,24,Male,anjali79@example.net,+915425276343,Rampur,AIML,2024,2025
491,Damyanti Goyal,19,Female,williamsaran@example.com,7186566286,Jamnagar,AIML,2024,2025
492,Fitan Goda,19,Male,akshay90@example.com,03667247309,Salem,AIML,2024,2025
493,Daksh Rastogi,20,Male,sbhagat@example.net,+913685888407,Gudivada,AIML,2024,2025
494,Gagan Rama,24,Male,veerprabhu@example.com,+912406398161,Navi Mumbai,AIML,2024,2025
495,Indira Khosla,23,Female,ishita33@example.org,09693513201,Udaipur,AIML,2024,2025
496,Viraj Pandya,22,Male,bhanumati25@example.org,1580260764,Sri Ganganagar,AIML,2024,2025
497,Chavvi Bhat,21,Female,ramchampak@example.org,1019502444,Tadepalligudem,AIML,2024,2025
498,Yoshita Jani,23,Female,thakuradvaith@example.com,01705450348,Avadi,AIML,2024,2025
499,Lucky Brahmbhatt,25,Male,wahab41@example.com,+913873134778,Surat,AIML,2024,2025
500,Nachiket Sundaram,18,Male,gaurangiratti@example.net,+912213896099,Vijayanagaram,AIML,2024,2025
